Sample,ForwardReads,ReverseReads,Lane,Barcode sequence,PF Clusters,% of the,% Perfect,% One mismatch,Yield (Mbases),% PF,% >= Q30,Mean Quality
DM001,raw_data/DM001_S1_L001_R1_001.fastq.gz,raw_data/DM001_S1_L001_R2_001.fastq.gz,1.0,GCCAGAAT+CGCTAGTA,"55,199,592",1.96,96.28,3.72,"16,670",100,90,35.24
DM002,raw_data/DM002_S2_L001_R1_001.fastq.gz,raw_data/DM002_S2_L001_R2_001.fastq.gz,1.0,AATGACGC+ATGGTCCA,"46,035,029",1.64,89.69,10.31,"13,903",100,90.36,35.32
DM004,raw_data/DM004_S3_L001_R1_001.fastq.gz,raw_data/DM004_S3_L001_R2_001.fastq.gz,1.0,GTACCACA+ATATGCGC,"35,388,203",1.26,85.74,14.26,"10,687",100,90.45,35.33
DM007,raw_data/DM007_S4_L001_R1_001.fastq.gz,raw_data/DM007_S4_L001_R2_001.fastq.gz,1.0,ACGATCAG+GTTGCGAT,"43,818,062",1.56,93.59,6.41,"13,233",100,90.47,35.34
DM008,raw_data/DM008_S5_L001_R1_001.fastq.gz,raw_data/DM008_S5_L001_R2_001.fastq.gz,1.0,TAACGTCG+AAGGCTGA,"43,340,573",1.54,95.64,4.36,"13,089",100,90.19,35.28
DM019,raw_data/DM019_S6_L001_R1_001.fastq.gz,raw_data/DM019_S6_L001_R2_001.fastq.gz,1.0,CGCAACTA+CGTCAATG,"52,922,802",1.88,96.62,3.38,"15,983",100,90.17,35.28
DM025,raw_data/DM025_S7_L001_R1_001.fastq.gz,raw_data/DM025_S7_L001_R2_001.fastq.gz,1.0,AACACTGG+ATGCCTGT,"50,028,308",1.78,94.74,5.26,"15,109",100,90.11,35.27
DM046,raw_data/DM046_S8_L001_R1_001.fastq.gz,raw_data/DM046_S8_L001_R2_001.fastq.gz,1.0,CCTGTCAA+ACAGACCT,"69,964,799",2.49,96.7,3.3,"21,129",100,89.95,35.22
DM051,raw_data/DM051_S9_L001_R1_001.fastq.gz,raw_data/DM051_S9_L001_R2_001.fastq.gz,1.0,TCCTGGTA+AGGATCTG,"45,849,111",1.63,96.89,3.11,"13,846",100,90.26,35.29
DM055,raw_data/DM055_S10_L001_R1_001.fastq.gz,raw_data/DM055_S10_L001_R2_001.fastq.gz,1.0,CATCAACC+TTCAGGAG,"39,461,290",1.4,91.62,8.38,"11,917",100,90.46,35.34
DM057,raw_data/DM057_S11_L001_R1_001.fastq.gz,raw_data/DM057_S11_L001_R2_001.fastq.gz,1.0,AGCAGACA+CATCCTCT,"36,244,883",1.29,95.18,4.82,"10,946",100,90.13,35.28
DM063,raw_data/DM063_S12_L001_R1_001.fastq.gz,raw_data/DM063_S12_L001_R2_001.fastq.gz,1.0,GAAGACTG+TCATGGTG,"34,743,456",1.23,93.22,6.78,"10,493",100,90.35,35.33
DM065,raw_data/DM065_S13_L001_R1_001.fastq.gz,raw_data/DM065_S13_L001_R2_001.fastq.gz,1.0,TCTAGTCC+GATTACCG,"49,542,055",1.76,93.57,6.43,"14,962",100,90.28,35.29
DM074,raw_data/DM074_S14_L001_R1_001.fastq.gz,raw_data/DM074_S14_L001_R2_001.fastq.gz,1.0,CTCGACTT+ACACACTC,"39,478,478",1.4,96.01,3.99,"11,923",100,90.02,35.26
DM087,raw_data/DM087_S15_L001_R1_001.fastq.gz,raw_data/DM087_S15_L001_R2_001.fastq.gz,1.0,CTAGCTCA+CCTCAGTT,"54,160,805",1.92,94.83,5.17,"16,357",100,89.89,35.22
DM093,raw_data/DM093_S16_L001_R1_001.fastq.gz,raw_data/DM093_S16_L001_R2_001.fastq.gz,1.0,TCCAACTG+CTGACACA,"45,810,792",1.63,96.51,3.49,"13,835",100,89.74,35.19
LG001,raw_data/LG001_S17_L001_R1_001.fastq.gz,raw_data/LG001_S17_L001_R2_001.fastq.gz,1.0,GACATCTC+GTGTGACA,"56,402,978",2,94.22,5.78,"17,034",100,90.16,35.25
LG006,raw_data/LG006_S18_L001_R1_001.fastq.gz,raw_data/LG006_S18_L001_R2_001.fastq.gz,1.0,ACTGCACT+GACGATCT,"73,692,805",2.62,97.37,2.63,"22,255",100,90.13,35.26
LG023,raw_data/LG023_S19_L001_R1_001.fastq.gz,raw_data/LG023_S19_L001_R2_001.fastq.gz,1.0,GTTCCATG+TCGCATTG,"44,829,499",1.59,94.23,5.77,"13,539",100,90.29,35.31
LG025,raw_data/LG025_S20_L001_R1_001.fastq.gz,raw_data/LG025_S20_L001_R2_001.fastq.gz,1.0,ACCAAGCA+AGCAAGCA,"48,721,682",1.73,96.04,3.96,"14,714",100,89.81,35.2
LG026,raw_data/LG026_S21_L001_R1_001.fastq.gz,raw_data/LG026_S21_L001_R2_001.fastq.gz,1.0,CTCTCAGA+CGACCATT,"53,104,019",1.89,96.84,3.16,"16,037",100,89.73,35.2
LG030,raw_data/LG030_S22_L001_R1_001.fastq.gz,raw_data/LG030_S22_L001_R2_001.fastq.gz,1.0,ACTCTGAG+GCACAACT,"49,881,360",1.77,94.01,5.99,"15,064",100,90.3,35.3
LG034,raw_data/LG034_S23_L001_R1_001.fastq.gz,raw_data/LG034_S23_L001_R2_001.fastq.gz,1.0,GCTCAGTT+CTCGATAC,"48,312,482",1.72,97.55,2.45,"14,590",100,90.08,35.26
LG038,raw_data/LG038_S24_L001_R1_001.fastq.gz,raw_data/LG038_S24_L001_R2_001.fastq.gz,1.0,ATCTGACC+GATCGTAC,"50,063,614",1.78,89.27,10.73,"15,119",100,90.36,35.31
LG043,raw_data/LG043_S25_L001_R1_001.fastq.gz,raw_data/LG043_S25_L001_R2_001.fastq.gz,1.0,CGCTACAT+CGTAGGTT,"63,259,086",2.25,95.48,4.52,"19,104",100,90.16,35.27
LG045,raw_data/LG045_S26_L001_R1_001.fastq.gz,raw_data/LG045_S26_L001_R2_001.fastq.gz,1.0,AATCCAGC+TAGGATGC,"53,518,377",1.9,93.78,6.22,"16,163",100,90.15,35.27
LG046,raw_data/LG046_S27_L001_R1_001.fastq.gz,raw_data/LG046_S27_L001_R2_001.fastq.gz,1.0,CGTCTAAC+ACTCGTTG,"56,980,706",2.02,95.46,4.54,"17,208",100,90.06,35.26
LG049,raw_data/LG049_S28_L001_R1_001.fastq.gz,raw_data/LG049_S28_L001_R2_001.fastq.gz,1.0,AACTCGGA+GTCTTGCA,"41,450,741",1.47,96.12,3.88,"12,518",100,89.99,35.24
LG050,raw_data/LG050_S29_L001_R1_001.fastq.gz,raw_data/LG050_S29_L001_R2_001.fastq.gz,1.0,GTCGAGAA+GCTGTAAG,"51,096,344",1.82,96.28,3.72,"15,431",100,90.43,35.33
LG052,raw_data/LG052_S30_L001_R1_001.fastq.gz,raw_data/LG052_S30_L001_R2_001.fastq.gz,1.0,ACAACAGC+TTGTCGGT,"51,211,592",1.82,87.09,12.91,"15,466",100,90.48,35.34
